cluster,n_genes,mean_n_mutations,mean_n_patients,mean_patient_frequency,mean_high_impact_ratio,mean_gene_priority_score,mean_hotspot_ratio,median_n_mutations,median_n_patients,median_patient_frequency,median_high_impact_ratio,median_gene_priority_score,median_hotspot_ratio
0,821,1.2716199756394642,1.2533495736906213,0.0030274144292043365,0.9919001218026797,0.2985916074024596,0.0,1.0,1.0,0.002415458937198,1.0,0.3,0.0
1,8477,1.915182257874248,1.8924147693759585,0.004571050167574731,0.0,0.0035984466507095005,0.0,2.0,2.0,0.0048309178743961,0.0,0.0040322580645161,0.0
2,222,21.126126126126128,19.675675675675677,0.0475257866562214,0.15242478698276266,0.12103257994835974,0.0,18.0,17.0,0.0410628019323671,0.125,0.1127016129032258,0.0
3,2493,7.223425591656639,7.004813477737666,0.016919839318206883,0.12574818994794926,0.06193741455590763,0.0,7.0,6.0,0.0144927536231884,0.125,0.0662903225806451,0.0
4,2668,3.125937031484258,3.0464767616191906,0.007358639520819268,0.4119565217391304,0.13183887894762295,0.0,3.0,3.0,0.0072463768115942,0.4,0.1361290322580645,0.0
5,4,119.0,103.0,0.24879227053140096,0.12735667491848807,0.4494973250561916,0.0,105.0,103.0,0.24879227053140096,0.0806062069798333,0.4504079977094866,0.0
